{
  "0": {
    "precision": 0.9942528735632183,
    "recall": 0.9885714285714285,
    "f1-score": 0.991404011461318,
    "support": 175
  },
  "1": {
    "precision": 0.9914893617021276,
    "recall": 0.9957264957264957,
    "f1-score": 0.9936034115138592,
    "support": 234
  },
  "2": {
    "precision": 0.96875,
    "recall": 0.9908675799086758,
    "f1-score": 0.9796839729119637,
    "support": 219
  },
  "3": {
    "precision": 0.9714285714285714,
    "recall": 0.9855072463768116,
    "f1-score": 0.9784172661870504,
    "support": 207
  },
  "4": {
    "precision": 0.9905660377358491,
    "recall": 0.967741935483871,
    "f1-score": 0.9790209790209791,
    "support": 217
  },
  "5": {
    "precision": 0.9567567567567568,
    "recall": 0.9888268156424581,
    "f1-score": 0.9725274725274726,
    "support": 179
  },
  "6": {
    "precision": 0.9831460674157303,
    "recall": 0.9831460674157303,
    "f1-score": 0.9831460674157303,
    "support": 178
  },
  "7": {
    "precision": 0.9898477157360406,
    "recall": 0.9512195121951219,
    "f1-score": 0.9701492537313432,
    "support": 205
  },
  "8": {
    "precision": 0.9787234042553191,
    "recall": 0.9583333333333334,
    "f1-score": 0.968421052631579,
    "support": 192
  },
  "9": {
    "precision": 0.9593908629441624,
    "recall": 0.9742268041237113,
    "f1-score": 0.9667519181585678,
    "support": 194
  },
  "macro avg": {
    "precision": 0.9784351651537776,
    "recall": 0.9784167218777637,
    "f1-score": 0.9783125405559863,
    "support": 2000
  },
  "weighted avg": {
    "precision": 0.9787062600998957,
    "recall": 0.9785,
    "f1-score": 0.9784896728706668,
    "support": 2000
  },
  "accuracy": 0.9785
}