{
  "0": {
    "precision": 0.9157894736842105,
    "recall": 0.9942857142857143,
    "f1-score": 0.9534246575342464,
    "support": 175
  },
  "1": {
    "precision": 0.9551020408163265,
    "recall": 1.0,
    "f1-score": 0.977035490605428,
    "support": 234
  },
  "2": {
    "precision": 0.9631336405529954,
    "recall": 0.954337899543379,
    "f1-score": 0.9587155963302753,
    "support": 219
  },
  "3": {
    "precision": 0.9693877551020408,
    "recall": 0.9178743961352657,
    "f1-score": 0.9429280397022332,
    "support": 207
  },
  "4": {
    "precision": 0.9768518518518519,
    "recall": 0.9723502304147466,
    "f1-score": 0.97459584295612,
    "support": 217
  },
  "5": {
    "precision": 0.8676470588235294,
    "recall": 0.9888268156424581,
    "f1-score": 0.9242819843342037,
    "support": 179
  },
  "6": {
    "precision": 0.9705882352941176,
    "recall": 0.9269662921348315,
    "f1-score": 0.9482758620689655,
    "support": 178
  },
  "7": {
    "precision": 0.965,
    "recall": 0.9414634146341463,
    "f1-score": 0.9530864197530864,
    "support": 205
  },
  "8": {
    "precision": 0.9886363636363636,
    "recall": 0.90625,
    "f1-score": 0.9456521739130435,
    "support": 192
  },
  "9": {
    "precision": 0.978494623655914,
    "recall": 0.9381443298969072,
    "f1-score": 0.9578947368421052,
    "support": 194
  },
  "macro avg": {
    "precision": 0.9550631043417349,
    "recall": 0.9540499092687449,
    "f1-score": 0.9535890804039706,
    "support": 2000
  },
  "weighted avg": {
    "precision": 0.9564340440520156,
    "recall": 0.9545,
    "f1-score": 0.9545634143192439,
    "support": 2000
  },
  "accuracy": 0.9545
}